{"noiseKey":{"private":{"type":"Buffer","data":"QL6yTzwvmYy2joJVbW6c/nwJJ2CaVTrsL3Sf9LCi2kE="},"public":{"type":"Buffer","data":"RWdbEJbIPhzrEoDy1R4ZfJ7VfAwNPhmsu9h0NFr1Kwk="}},"pairingEphemeralKeyPair":{"private":{"type":"Buffer","data":"ONO2k194M+koZAk2UaXXOCzZWg1WCMqK+jkfkbfRcF4="},"public":{"type":"Buffer","data":"I4rbrprAPcOGtUDW69/4vPKcOKKKY1xiBbmlSbSXhig="}},"signedIdentityKey":{"private":{"type":"Buffer","data":"uI10JnSVDKZ+xLjWTnGHDm3oyRy6iphzg9A7J7f70Ww="},"public":{"type":"Buffer","data":"tXYZQGJtj+zAW98vXmFcX7CxUulYY7P6fHppPIrChR8="}},"signedPreKey":{"keyPair":{"private":{"type":"Buffer","data":"AMONrHXJZpo5LqhPCX3GAsjo6AQBMIB70HbABKZZwFQ="},"public":{"type":"Buffer","data":"7THPC66SUwPWEk7rnjhGR3zaRTJyEIw8d7CyfejspRs="}},"signature":{"type":"Buffer","data":"2h/cJeiXi+QxlZoKdCBPc6hmHRKbDR1a44TiEBS+NcMpA0UMZ+HDYQrtyj/MqIAgg5zMd+VkE+seOf73LyrOiA=="},"keyId":1},"registrationId":219,"advSecretKey":"sptFC7HmHPNwlQxR6oMPIZVRmj0vHhM5R866l8HN0yU=","processedHistoryMessages":[{"key":{"remoteJid":"79861640016@s.whatsapp.net","fromMe":true,"id":"3A755AD6B9EA3DF2B3AF"},"messageTimestamp":1727138791},{"key":{"remoteJid":"79861640016@s.whatsapp.net","fromMe":true,"id":"3A6C8237EF6C9C9D5148"},"messageTimestamp":1727138792},{"key":{"remoteJid":"79861640016@s.whatsapp.net","fromMe":true,"id":"3A0C416C772651E48E37"},"messageTimestamp":1727138798},{"key":{"remoteJid":"79861640016@s.whatsapp.net","fromMe":true,"id":"3A0E569A8A5CC69310DB"},"messageTimestamp":1727138801}],"nextPreKeyId":31,"firstUnuploadedPreKeyId":31,"accountSyncCounter":1,"accountSettings":{"unarchiveChats":false},"deviceId":"ylpnoioCSaCgrqdqKzx1xQ","phoneId":"45476322-5bae-471a-8a93-f51ef41f68eb","identityId":{"type":"Buffer","data":"9klQl8hZWb398OObRCMFsaL0Jb4="},"registered":false,"backupToken":{"type":"Buffer","data":"TkznTDq0tOoFwdbZbA45GavGREg="},"registration":{},"account":{"details":"CIr02+oFEOOXyLcGGAEgACgA","accountSignatureKey":"1cfJNOMtAw9wXydKId/6xCEFq4Zk7NICxfQGTflOjlw=","accountSignature":"Eb1MOp0CyC38EMkAk6ykNP8825XGicoUeeSgx/QjBiFZHtOXlYiIknsY4b0KqxC30ttqoVckYSWYoOVExCZLAw==","deviceSignature":"9HQC/NX3tDxEfBNH1ldZ+rOCQG/Lf8Q2yYeIM2DnIUDXHWQCdHEytiNjhXPVgKCW+EP64etEacQhrmum8RQEgA=="},"me":{"id":"79861640016:23@s.whatsapp.net","lid":"153764744966192:23@lid","name":"👾"},"signalIdentities":[{"identifier":{"name":"79861640016:23@s.whatsapp.net","deviceId":0},"identifierKey":{"type":"Buffer","data":"BdXHyTTjLQMPcF8nSiHf+sQhBauGZOzSAsX0Bk35To5c"}}],"platform":"iphone","routingInfo":{"type":"Buffer","data":"CA0IAg=="},"lastAccountSyncTimestamp":1727138790,"lastPropHash":"4eUNDn","myAppStateKeyId":"AAAAABye"}