{"_sessions":{"BR+S6CK+szKJvAfddfL3T27FBLvJtNMsijm6ZGd08Ash":{"registrationId":3371,"currentRatchet":{"ephemeralKeyPair":{"pubKey":"BTJQ5uiFL/9Dq3toQU4V1dHifkRJoKvYLe34L5VFVSgn","privKey":"gMJz3dCdZazCLxXOq5AWshrEDO+B7hFYFngY8jsSRnE="},"lastRemoteEphemeralKey":"BQPsGFeISQqleZLrC6O+AMSHq6LW1Gn5BfNJdx/XYkoE","previousCounter":0,"rootKey":"ON1Z593jEkP62Ly5Z2RtS0xcr4evYiuXgcjrzbk0Ics="},"indexInfo":{"baseKey":"BR+S6CK+szKJvAfddfL3T27FBLvJtNMsijm6ZGd08Ash","baseKeyType":1,"closed":-1,"used":1727139662106,"created":1727139009360,"remoteIdentityKey":"BagJriO4KLuZK1yi3f4j6V/8yA0dcxzHiYf5wWjKr/gl"},"_chains":{"BQPsGFeISQqleZLrC6O+AMSHq6LW1Gn5BfNJdx/XYkoE":{"chainKey":{"counter":0,"key":"zEpApPKHAE3+Oq9CTQx+c9svafNaIc5N5XxXty6onJI="},"chainType":2,"messageKeys":{}},"BTJQ5uiFL/9Dq3toQU4V1dHifkRJoKvYLe34L5VFVSgn":{"chainKey":{"counter":-1,"key":"7wyy6jqINBcFxKrQ3uweOtwlyJLlnxoyvEbAwDvXzwU="},"chainType":1,"messageKeys":{}}}}},"version":"v1"}