{"_sessions":{"BWvqtJ5v6zzN9OsLvaNPWtqwKKYF9TpHgxNQ91HDR50A":{"registrationId":14731,"currentRatchet":{"ephemeralKeyPair":{"pubKey":"BYHYBpKG7VyUJz6J2IH9MOZB5aOXHH7plSwaQF7G2Ycw","privKey":"COf3yKDK1/LL7I2fkdMu3YzYkCbIEmzhQsiToHIvrno="},"lastRemoteEphemeralKey":"BYBc/zpJT8GXM385C/PDSANAOwpYaCzs2B9BKvV+k7MW","previousCounter":0,"rootKey":"kqnmx9rFp03hydpjmiT/bLYMf+fB2H2C7EkXB+ltM4I="},"indexInfo":{"baseKey":"BWvqtJ5v6zzN9OsLvaNPWtqwKKYF9TpHgxNQ91HDR50A","baseKeyType":1,"closed":-1,"used":1727139009356,"created":1727139009356,"remoteIdentityKey":"BaA4IqYED+ZpJ6PRxvYA7n2CJoLoUpoLSP/mD2SYK0Y0"},"_chains":{"BYHYBpKG7VyUJz6J2IH9MOZB5aOXHH7plSwaQF7G2Ycw":{"chainKey":{"counter":0,"key":"okAljZ16M7/qvc8EqDWuDSstxR5FcVGoulT9HDPvYDQ="},"chainType":1,"messageKeys":{}}},"pendingPreKey":{"signedKeyId":3,"baseKey":"BWvqtJ5v6zzN9OsLvaNPWtqwKKYF9TpHgxNQ91HDR50A"}}},"version":"v1"}