{"_sessions":{"BfWO5Cb9JeyEYf83zBaGUWLBRB/D2g+0dD5OkPrtOZAD":{"registrationId":149616516,"currentRatchet":{"ephemeralKeyPair":{"pubKey":"BXxUZzXQYR864QLhFlmK27GawhvToiro36GPptC005MV","privKey":"2Dxl+14Pbyo6BrOwFRy7ju26jO7QaTDbVVhykjMRQGE="},"lastRemoteEphemeralKey":"BV/YOEPCoReM6hoxI8oYjlYmOdV0YGsl3xUiq5jWSO9J","previousCounter":0,"rootKey":"BDoFCLPFc89Q/PKg/IGw98rnz/Nap6IxOLoq0hKLZtI="},"indexInfo":{"baseKey":"BfWO5Cb9JeyEYf83zBaGUWLBRB/D2g+0dD5OkPrtOZAD","baseKeyType":2,"closed":-1,"used":1727140672087,"created":1727140672087,"remoteIdentityKey":"BRTcUV+PVcjSlQWFYISYWN9BxGsjlAcn+yv+O2LcUzoe"},"_chains":{"BV/YOEPCoReM6hoxI8oYjlYmOdV0YGsl3xUiq5jWSO9J":{"chainKey":{"counter":0,"key":"zSxvexJ6nljfKDjJcK2YE4KScUTvBzIPb0/AaANjuHE="},"chainType":2,"messageKeys":{}},"BXxUZzXQYR864QLhFlmK27GawhvToiro36GPptC005MV":{"chainKey":{"counter":-1,"key":"Wban5dBrip8ETFq82Kuryo+ijs/M0e+QDQ8Gjc6PauA="},"chainType":1,"messageKeys":{}}}}},"version":"v1"}