{"_sessions":{"Bb4O2QJceYUaWvMA6Fe44P80xNxQTr6Tg8wzrtQIzMUi":{"registrationId":49,"currentRatchet":{"ephemeralKeyPair":{"pubKey":"BZ/ORHUlRvgtN4AFIkV25swTInol+qRU96FsxI6c7aQw","privKey":"0CPW50+pmzwB13vhnFQ77ClDHq518erumdKLbZqm53o="},"lastRemoteEphemeralKey":"BW2glGr3qrPoGgGw7En/PlvihdaHvg0XddSE+C8d9dFq","previousCounter":0,"rootKey":"2+4CmsW80djddfHbbe4g2tsSVCiDDsrGgG4STxjameY="},"indexInfo":{"baseKey":"Bb4O2QJceYUaWvMA6Fe44P80xNxQTr6Tg8wzrtQIzMUi","baseKeyType":1,"closed":-1,"used":1727139009363,"created":1727139009363,"remoteIdentityKey":"BfOePC1BXl4vbA6XivAajE7OBGyPHL2fJvb+OIX8vDh5"},"_chains":{"BZ/ORHUlRvgtN4AFIkV25swTInol+qRU96FsxI6c7aQw":{"chainKey":{"counter":0,"key":"aFyjGGvSox82/exPowhdf05nFfOfqGoDlQgXnm/qBkY="},"chainType":1,"messageKeys":{}}},"pendingPreKey":{"signedKeyId":1,"baseKey":"Bb4O2QJceYUaWvMA6Fe44P80xNxQTr6Tg8wzrtQIzMUi"}}},"version":"v1"}