{"_sessions":{"BZ6DjLVtcin/7BnjQIQNdzaFg9T3Yz+2TWtl5KY9hSV0":{"registrationId":637587853,"currentRatchet":{"ephemeralKeyPair":{"pubKey":"Bfp3i8K4MKUaPQGoyW2UfpD0wT7rT6SaJVxmZZKz7JNm","privKey":"gN4PAs4dxLLNUq/9teXiOt/tdTaaK8bJoLGyU+CZnXQ="},"lastRemoteEphemeralKey":"BY7D4IjeeFQSfzhz8sfzJmRZ032wllAslWgt3UCFLSd9","previousCounter":0,"rootKey":"g23yNl+fKxjQ+VEzr9suLLE2Yih5YNY03hreyHQqeXo="},"indexInfo":{"baseKey":"BZ6DjLVtcin/7BnjQIQNdzaFg9T3Yz+2TWtl5KY9hSV0","baseKeyType":2,"closed":-1,"used":1727140929234,"created":1727140929234,"remoteIdentityKey":"BcNsb+dNuZdUzRdr+y0GAiBdtEP/wV+XvWSgvr6+5vVN"},"_chains":{"BY7D4IjeeFQSfzhz8sfzJmRZ032wllAslWgt3UCFLSd9":{"chainKey":{"counter":0,"key":"26wvb5qgDsoYKtaa9qL2ieuJixPeAsoF1ORYqYS1XFE="},"chainType":2,"messageKeys":{}},"Bfp3i8K4MKUaPQGoyW2UfpD0wT7rT6SaJVxmZZKz7JNm":{"chainKey":{"counter":-1,"key":"moAXNIF3E0r/lAm+nLFTbmX2cRK8fTncMVWOTQy5YwI="},"chainType":1,"messageKeys":{}}}}},"version":"v1"}