{"_sessions":{"BZLGuEqvMUJ2kFVqLjWzJpCLcFiIp4ucI2068XjBfR07":{"registrationId":1316218225,"currentRatchet":{"ephemeralKeyPair":{"pubKey":"BV+hOqnTDashUbxTxfJQYMlpLlQMNwQp1iWbytJCLX0X","privKey":"IOvkH6cDn+DQAngyswVN/Frx2POSQ+XQWYGahZy3kVg="},"lastRemoteEphemeralKey":"BdTWQ2VRVM0kNcDlrXhi19dA0/Wp9v4VmDUq9wNKCQEj","previousCounter":0,"rootKey":"e9exaYQjQh0TeCZnRepD4aFsH+5Ec/91ocRyY6EIT6M="},"indexInfo":{"baseKey":"BZLGuEqvMUJ2kFVqLjWzJpCLcFiIp4ucI2068XjBfR07","baseKeyType":2,"closed":-1,"used":1727141212446,"created":1727138829264,"remoteIdentityKey":"BciZjPLAHhFuo6/9WbDHV/Sr+r/Wct57bHwKER1cTu8i"},"_chains":{"BVDNB99bWYo0Lfcj2OHOUcaVJvgdQbU14GjpZAs6EcoC":{"chainKey":{"counter":1},"chainType":2,"messageKeys":{}},"BdTWQ2VRVM0kNcDlrXhi19dA0/Wp9v4VmDUq9wNKCQEj":{"chainKey":{"counter":1,"key":"WHn65VIPlmGvE3afrzhKLmZL8ryVF/QWrm5ePotLxTg="},"chainType":2,"messageKeys":{}},"BV+hOqnTDashUbxTxfJQYMlpLlQMNwQp1iWbytJCLX0X":{"chainKey":{"counter":-1,"key":"U9vsdPfoBnCktQB9nWoLKvrOsYPI24Vn5S/YNUlVTRs="},"chainType":1,"messageKeys":{}}}}},"version":"v1"}