{"_sessions":{"BQwXut7cztuUU7cjUq4ytVdZ2KQm8CjYr9qvrv572WBs":{"registrationId":1782412232,"currentRatchet":{"ephemeralKeyPair":{"pubKey":"BQHFFP2n9YGKU4Nbubeo2LB5x4MmXaB8t9SItuyiSeEn","privKey":"yMvvIL/672FYoWZVd+4/BcupIuj/0upMygxuM3f0cUs="},"lastRemoteEphemeralKey":"Bf0ewWAxuiyDYp4+bhOZpYzvUBQFpzXzPqYFH4hP4ORn","previousCounter":0,"rootKey":"L4jVV+cWRJ87yEA3vArYxpeWOmK31iVMgX3mWmdR4Ec="},"indexInfo":{"baseKey":"BQwXut7cztuUU7cjUq4ytVdZ2KQm8CjYr9qvrv572WBs","baseKeyType":2,"closed":-1,"used":1727141233845,"created":1727138791013,"remoteIdentityKey":"BdXHyTTjLQMPcF8nSiHf+sQhBauGZOzSAsX0Bk35To5c"},"_chains":{"BceeLG67h/6OVrdlnoa0GMh6/F6dHNtzvNQwh+axc643":{"chainKey":{"counter":3},"chainType":2,"messageKeys":{}},"BYuYcSlej2wHDprx6v7l7YFKonNAIMSKnTplZAj6RX4K":{"chainKey":{"counter":3},"chainType":2,"messageKeys":{}},"BSaFgCyrB2sIJlBNk7HFPoiNwyxfJOsYd0WOiqXbNMI6":{"chainKey":{"counter":0},"chainType":2,"messageKeys":{}},"BTuBv6dw3OkKOe72yWQ1UKPuZaWRGcvxnq8UVA+cMgFs":{"chainKey":{"counter":0},"chainType":2,"messageKeys":{}},"Bf0ewWAxuiyDYp4+bhOZpYzvUBQFpzXzPqYFH4hP4ORn":{"chainKey":{"counter":0,"key":"E7HawVveCmKv6t0up3bTQWDBurpnVhiqa7SNgHa8F68="},"chainType":2,"messageKeys":{}},"BQHFFP2n9YGKU4Nbubeo2LB5x4MmXaB8t9SItuyiSeEn":{"chainKey":{"counter":1,"key":"Dmi/h4EY7VFBkftDhXX7MItkEer44Unc8q7ToaI9+Io="},"chainType":1,"messageKeys":{}}}}},"version":"v1"}