{"_sessions":{"BQZ0uI0+r4BQ7PCzVuaZdXe4uHDeJOQ2+Knd+Y6eqrsg":{"registrationId":613899954,"currentRatchet":{"ephemeralKeyPair":{"pubKey":"BSGzis1Qw+j8NZ/wB8ZXqSD0AV4vxRSUwJEq4zWQIHVC","privKey":"mDo+Tupn58u/kZ/IwkxVPpf6lJQBAG8sbxqbSzORH1k="},"lastRemoteEphemeralKey":"Bc6AxZNmvUbgld0y2G6KLZM+pjT/WnXOtUyw1+cVgB8E","previousCounter":0,"rootKey":"HFW+cEUGz8RLDaJC3B/BWcX0i910Y3xLvcJyAM3ZVsg="},"indexInfo":{"baseKey":"BQZ0uI0+r4BQ7PCzVuaZdXe4uHDeJOQ2+Knd+Y6eqrsg","baseKeyType":2,"closed":-1,"used":1727139045183,"created":1727139045183,"remoteIdentityKey":"BTzL376bP1DUiiwdigUR6N0xcHp0BMIYE6fycGm2y/hO"},"_chains":{"Bc6AxZNmvUbgld0y2G6KLZM+pjT/WnXOtUyw1+cVgB8E":{"chainKey":{"counter":0,"key":"72A7dBOPP3fgvmGgEq3sKKPJ+iMUI6wTFX3Gh7twwVg="},"chainType":2,"messageKeys":{}},"BSGzis1Qw+j8NZ/wB8ZXqSD0AV4vxRSUwJEq4zWQIHVC":{"chainKey":{"counter":-1,"key":"GHx2d+Zm2Na/bInLkkGnwcOeBxdhSY/BJzPyWTFcoIU="},"chainType":1,"messageKeys":{}}}}},"version":"v1"}