{"_sessions":{"BduTwyxz08hCFbo6+9tXM3odnCqTg8TOV106KjBeNohh":{"registrationId":1797768498,"currentRatchet":{"ephemeralKeyPair":{"pubKey":"BYgR5ll3CYNZDrASWh5WYPJajwYuqi1WuDcghJbOCiE9","privKey":"EHV/Y/KS0avPSZBMlWwJ6/0KJupkrmcIrmLegrVezFg="},"lastRemoteEphemeralKey":"BWMPMpHbgaMLOdF2KOp0qysV4lybBNHOv7r95nGfbT4J","previousCounter":0,"rootKey":"j/F3hP0pyEJ2V/31QPMGV2mGizFtT/db7mq/1WzJCYI="},"indexInfo":{"baseKey":"BduTwyxz08hCFbo6+9tXM3odnCqTg8TOV106KjBeNohh","baseKeyType":2,"closed":-1,"used":1727139299044,"created":1727139299044,"remoteIdentityKey":"BdgaO+fsnBRLXK34eGuMai0zbngCAaN2QmoTKV/DQgQb"},"_chains":{"BWMPMpHbgaMLOdF2KOp0qysV4lybBNHOv7r95nGfbT4J":{"chainKey":{"counter":0,"key":"DtUYUAuT4yAP9VOCYSycXORMv4gfTCb9AA1bB57hJ8o="},"chainType":2,"messageKeys":{}},"BYgR5ll3CYNZDrASWh5WYPJajwYuqi1WuDcghJbOCiE9":{"chainKey":{"counter":-1,"key":"xH28nwK4Fq95HeI5JN36+c3oP6Y+nKG2rppSslbYC0I="},"chainType":1,"messageKeys":{}}}}},"version":"v1"}